{
  "pass@1": 0.55,
  "pass@3": 0.8492588932806324,
  "pass@5": 0.9388434029738377,
  "tasks": 10,
  "attempts": 240
}