{
  "mistralai/Mistral-7B-Instruct-v0.2|cot_final": {
    "attempts": 30,
    "pass@1": 0.9666666666666667,
    "pass@5": 1,
    "pass@10": 1
  },
  "mistralai/Mistral-7B-Instruct-v0.2|self_planning": {
    "attempts": 30,
    "pass@1": 0.9,
    "pass@5": 1,
    "pass@10": 1
  },
  "mistralai/Mistral-7B-Instruct-v0.2|self_critique": {
    "attempts": 30,
    "pass@1": 0.9333333333333333,
    "pass@5": 1,
    "pass@10": 1
  },
  "mistralai/Mistral-7B-Instruct-v0.2|self_repair": {
    "attempts": 30,
    "pass@1": 0.9,
    "pass@5": 1,
    "pass@10": 1
  },
  "codellama/CodeLlama-7b-Instruct-hf|cot_final": {
    "attempts": 30,
    "pass@1": 0.30000000000000004,
    "pass@5": 0.8572060123784262,
    "pass@10": 0.988260415246922
  },
  "codellama/CodeLlama-7b-Instruct-hf|self_planning": {
    "attempts": 30,
    "pass@1": 0.7,
    "pass@5": 0.9991158267020336,
    "pass@10": 1
  },
  "codellama/CodeLlama-7b-Instruct-hf|self_critique": {
    "attempts": 30,
    "pass@1": 0.16666666666666663,
    "pass@5": 0.6271735926908342,
    "pass@10": 0.8912045808597533
  },
  "codellama/CodeLlama-7b-Instruct-hf|self_repair": {
    "attempts": 30,
    "pass@1": 0.1333333333333333,
    "pass@5": 0.538405400474366,
    "pass@10": 0.8232074438970991
  }
}