{
  "pass@1": 0.625,
  "pass@5": 0.9898244871070958,
  "pass@10": 0.9999691014329593,
  "tasks": 10,
  "attempts": 240
}