{
  "pass@1": 0.2966666666666667,
  "pass@5": 0.6106407895835438,
  "pass@10": 0.735341656102235,
  "tasks": 10,
  "attempts": 600
}