{
  "pass@1": 0.4208333333333333,
  "pass@3": 0.7534090909090909,
  "pass@5": 0.8886340109166196,
  "tasks": 10,
  "attempts": 240
}