{
  "mistralai/Mistral-7B-Instruct-v0.2|cot": {
    "attempts": 50,
    "pass@1": 0.16000000000000003,
    "pass@5": 0.5985066737148144,
    "pass@10": 0.8567559261296757
  },
  "mistralai/Mistral-7B-Instruct-v0.2|cot_strict": {
    "attempts": 50,
    "pass@1": 0.28,
    "pass@5": 0.8220695123562839,
    "pass@10": 0.975255064962868
  },
  "mistralai/Mistral-7B-Instruct-v0.2|cot_final": {
    "attempts": 50,
    "pass@1": 0.4,
    "pass@5": 0.9327408484207744,
    "pass@10": 0.9970751361574547
  },
  "mistralai/Mistral-7B-Instruct-v0.2|scot": {
    "attempts": 50,
    "pass@1": 0.31999999999999995,
    "pass@5": 0.8686703543582095,
    "pass@10": 0.9872347557348128
  },
  "mistralai/Mistral-7B-Instruct-v0.2|plan_execute": {
    "attempts": 50,
    "pass@1": 0.52,
    "pass@5": 0.9799392097264438,
    "pass@10": 0.9998090729273933
  },
  "mistralai/Mistral-7B-Instruct-v0.2|self_planning": {
    "attempts": 50,
    "pass@1": 0.52,
    "pass@5": 0.9799392097264438,
    "pass@10": 0.9998090729273933
  },
  "mistralai/Mistral-7B-Instruct-v0.2|self_debugging": {
    "attempts": 50,
    "pass@1": 0.12,
    "pass@5": 0.48743227170609227,
    "pass@10": 0.7584511695520022
  },
  "mistralai/Mistral-7B-Instruct-v0.2|self_edit": {
    "attempts": 50,
    "pass@1": 0.16000000000000003,
    "pass@5": 0.5985066737148144,
    "pass@10": 0.8567559261296757
  },
  "mistralai/Mistral-7B-Instruct-v0.2|self_repair": {
    "attempts": 50,
    "pass@1": 0.31999999999999995,
    "pass@5": 0.8686703543582095,
    "pass@10": 0.9872347557348128
  },
  "mistralai/Mistral-7B-Instruct-v0.2|self_critique": {
    "attempts": 50,
    "pass@1": 0.5,
    "pass@5": 0.9749240121580547,
    "pass@10": 0.9996817882123221
  },
  "mistralai/Mistral-7B-Instruct-v0.2|self_critique_strict": {
    "attempts": 50,
    "pass@1": 0.12,
    "pass@5": 0.48743227170609227,
    "pass@10": 0.7584511695520022
  },
  "codellama/CodeLlama-7b-Instruct-hf|cot": {
    "attempts": 50,
    "pass@1": 0.12,
    "pass@5": 0.48743227170609227,
    "pass@10": 0.7584511695520022
  },
  "codellama/CodeLlama-7b-Instruct-hf|cot_strict": {
    "attempts": 50,
    "pass@1": 0.09999999999999998,
    "pass@5": 0.4233613056693537,
    "pass@10": 0.6894372179954313
  },
  "codellama/CodeLlama-7b-Instruct-hf|cot_final": {
    "attempts": 50,
    "pass@1": 0.14,
    "pass@5": 0.5456786044667636,
    "pass@10": 0.8133486310174562
  },
  "codellama/CodeLlama-7b-Instruct-hf|scot": {
    "attempts": 50,
    "pass@1": 0.07999999999999996,
    "pass@5": 0.3530395136778116,
    "pass@10": 0.6031697785497179
  },
  "codellama/CodeLlama-7b-Instruct-hf|plan_execute": {
    "attempts": 50,
    "pass@1": 0.16000000000000003,
    "pass@5": 0.5985066737148144,
    "pass@10": 0.8567559261296757
  },
  "codellama/CodeLlama-7b-Instruct-hf|self_planning": {
    "attempts": 50,
    "pass@1": 0.09999999999999998,
    "pass@5": 0.4233613056693537,
    "pass@10": 0.6894372179954313
  },
  "codellama/CodeLlama-7b-Instruct-hf|self_debugging": {
    "attempts": 50,
    "pass@1": 0.16000000000000003,
    "pass@5": 0.5985066737148144,
    "pass@10": 0.8567559261296757
  },
  "codellama/CodeLlama-7b-Instruct-hf|self_edit": {
    "attempts": 50,
    "pass@1": 0.07999999999999996,
    "pass@5": 0.3530395136778116,
    "pass@10": 0.6031697785497179
  },
  "codellama/CodeLlama-7b-Instruct-hf|self_repair": {
    "attempts": 50,
    "pass@1": 0.12,
    "pass@5": 0.48743227170609227,
    "pass@10": 0.7584511695520022
  },
  "codellama/CodeLlama-7b-Instruct-hf|self_critique": {
    "attempts": 50,
    "pass@1": 0.4,
    "pass@5": 0.9327408484207744,
    "pass@10": 0.9970751361574547
  },
  "codellama/CodeLlama-7b-Instruct-hf|self_critique_strict": {
    "attempts": 50,
    "pass@1": 0.18000000000000005,
    "pass@5": 0.6463034982725746,
    "pass@10": 0.8908616580035624
  }
}