{
  "pass@1": 0.22999999999999998,
  "pass@5": 0.5681859924905582,
  "pass@10": 0.7096413797502109,
  "num_tasks": 10,
  "total_attempts": 1100
}