{
  "pass@1": 0.725,
  "pass@3": 0.9685276679841897,
  "pass@5": 0.9958380387728216,
  "tasks": 10,
  "attempts": 240
}